{
  "thresholds": {
    "Smile": 0.2,
    "Disgust": 0.2,
    "Surprise": 0.595000000000001
  },
  "sessions": [
    {
      "target": "Smile",
      "average_scores": {
        "happiness": 0.09999999999999983,
        "disgust": 0.35714285714285693,
        "surprise": 0.3637362637362643,
        "neutral": 0.179120879120879
      },
      "num_samples": 91
    },
    {
      "target": "Disgust",
      "average_scores": {
        "happiness": 0.09999999999999983,
        "disgust": 0.2304347826086954,
        "surprise": 0.09999999999999983,
        "neutral": 0.5695652173913053
      },
      "num_samples": 92
    },
    {
      "target": "Surprise",
      "average_scores": {
        "happiness": 0.09999999999999983,
        "disgust": 0.09999999999999983,
        "surprise": 0.7000000000000012,
        "neutral": 0.09999999999999983
      },
      "num_samples": 90
    }
  ]
}