{
  "thresholds": {
    "happiness": 0.2,
    "disgust": 0.4999007745852901,
    "surprise": 0.6076321372832172
  },
  "sessions": [
    {
      "target": "Smile",
      "average_scores": {
        "happiness": 0.005358394512551881,
        "disgust": 0.02670647137399231,
        "surprise": 0.013012962909193621,
        "neutral": 0.8164672014259157
      },
      "num_samples": 84
    },
    {
      "target": "Disgust",
      "average_scores": {
        "happiness": 0.3980515658816633,
        "disgust": 0.5881185583356354,
        "surprise": 0.0020808945429356147,
        "neutral": 0.0018116478665938809
      },
      "num_samples": 90
    },
    {
      "target": "Surprise",
      "average_scores": {
        "happiness": 0.0023030894045304095,
        "disgust": 0.21661969987326302,
        "surprise": 0.7148613379802555,
        "neutral": 0.01452006222680211
      },
      "num_samples": 90
    }
  ]
}